,Mean inference time,Mean accuracy ypr prediction,Mean prediction loss
0,7.973667002317816e-05,3.168607,35.75381436424631
1,,4.124458,
2,,2.5833,
