,Mean inference time,Mean accuracy joint prediction,Mean loss joint prediction
0,0.011096944452816025,10.52228361789124,4.391567042015877
1,,12.438451519244197,
2,,14.55800465265832,
3,,6.1663372135499745,
